disease,discovYear
iron-overload,2001
anemia,2001
chronicdisease,2001
hh,2001
hypoxia,2002
anemia,2002
chronicdisease,2002
bleeding,2002
inflammation,2002
irondeficiencyanemia,2002
acutephaseresponse,2002
adenoma,2002
hcc,2002
infection,2002
iron-overload,2002
refractoryanemia,2002
hemolysis,2002
hh,2002
anemia,2003
chronicdisease,2003
inflammation,2003
adenoma,2003
infection,2003
syndrome,2003
iron-overload,2003
hh,2003
hypoxia,2004
anemia,2004
chronicdisease,2004
bacterialinfections,2004
starvation,2004
ironmetabolismdisorders,2004
inflammation,2004
strain,2004
irondeficiencyanemia,2004
acutephaseresponse,2004
adenoma,2004
polycythemia,2004
cri,2004
scid,2004
infection,2004
syndrome,2004
iron-overload,2004
refractoryanemia,2004
hh,2004
ischemia,2005
adenoma,2005
iron-overload,2005
hypoxia,2005
reperfusioninjury,2005
strain,2005
acutephaseresponse,2005
liverfailure,2005
scid,2005
cda,2005
hepatitisc,2005
salmonellainfection,2005
multiplemyeloma,2005
anemia,2005
necrosis,2005
end-stagerenaldisease,2005
shock,2005
chronichepatitisc,2005
infection,2005
erythroleukemia,2005
tm,2005
chronicdisease,2005
bacterialinfections,2005
thalassemia,2005
inflammation,2005
hcc,2005
syndrome,2005
hh,2005
proctitis,2006
stress,2006
cad,2006
iron-overload,2006
atherosclerosis,2006
hypoxia,2006
rls,2006
strain,2006
acutephaseresponse,2006
renalfailure,2006
biliaryatresia,2006
hemolysis,2006
anemia,2006
end-stagerenaldisease,2006
irondeficiencyanemia,2006
obesity,2006
chronichepatitisc,2006
infection,2006
erythroleukemia,2006
tm,2006
chronicdisease,2006
bacterialinfections,2006
thalassemia,2006
inflammation,2006
prostatecancer,2006
hcc,2006
polycythemia,2006
syndrome,2006
hh,2006
wound,2006
plasmodiumfalciparummalaria,2007
castlemansdisease,2007
proctitis,2007
mds,2007
parasitemia,2007
iron-overload,2007
obstructivesleepapnea,2007
liverdiseases,2007
hypoxia,2007
reperfusioninjury,2007
atherosclerosis,2007
liverfibrosis,2007
strain,2007
acutephaseresponse,2007
hepatitisc,2007
malaria,2007
anemia,2007
necrosis,2007
overweight,2007
ironmetabolismdisorders,2007
tuberculosis,2007
irondeficiencyanemia,2007
cardiacdiseases,2007
chronichepatitisc,2007
myocardialischemia,2007
infection,2007
tm,2007
cardiomyopathy,2007
chronicdisease,2007
thrombocytosis,2007
bacterialinfections,2007
thalassemia,2007
inflammation,2007
prostatecancer,2007
hcc,2007
systemiclupuserythematosus,2007
syndrome,2007
alcoholicliverdisease,2007
hh,2007
wound,2007
diseaseprogression,2008
familialamyloidosis,2008
castlemansdisease,2008
stress,2008
mds,2008
iron-overload,2008
liverdiseases,2008
hypoxia,2008
strain,2008
acutephaseresponse,2008
rheumatoidarthritis,2008
biliaryatresia,2008
cda,2008
multiplemyeloma,2008
hepatitisc,2008
anemia,2008
necrosis,2008
end-stagerenaldisease,2008
ironmetabolismdisorders,2008
hematopoieticmalignancies,2008
irondeficiencyanemia,2008
insulinoma,2008
cirrhosis,2008
myelofibrosis,2008
chronichepatitisc,2008
obesity,2008
kidneydisease,2008
infection,2008
pct,2008
tm,2008
coloncancer,2008
chronicdisease,2008
ch-b,2008
bacterialinfections,2008
thalassemia,2008
inflammation,2008
hcc,2008
renalinsufficiency,2008
systemiclupuserythematosus,2008
pneumoniae,2008
syndrome,2008
alcoholicliverdisease,2008
hh,2008
wound,2008
fever,2009
diseaseprogression,2009
plasmodiumfalciparummalaria,2009
wound,2009
ischemia,2009
stress,2009
pv,2009
proteinuria,2009
iron-overload,2009
cholangitis,2009
hypoxia,2009
myocardialinfarction,2009
bleeding,2009
sepsis,2009
strain,2009
acutephaseresponse,2009
rheumatoidarthritis,2009
astrocyticgliomas,2009
biliaryatresia,2009
hepatitisc,2009
malaria,2009
hemolysis,2009
anemia,2009
heartfailure,2009
overweight,2009
fatigue,2009
end-stagerenaldisease,2009
ironmetabolismdisorders,2009
myocarditis,2009
tuberculosis,2009
irondeficiencyanemia,2009
intoxication,2009
rcc,2009
cirrhosis,2009
shock,2009
kidneydisease,2009
chronichepatitisc,2009
obesity,2009
infection,2009
tm,2009
chronicdisease,2009
bacterialinfections,2009
enterocolitis,2009
thalassemia,2009
inflammation,2009
cholestasis,2009
braintumors,2009
hcc,2009
renalinsufficiency,2009
metastasis,2009
syndrome,2009
pbc,2009
fibrosarcoma,2009
hh,2009
arthritis,2009
criticallyill,2010
castlemansdisease,2010
hl,2010
glioma,2010
pe,2010
stress,2010
weightloss,2010
pleuraleffusions,2010
parasitemia,2010
reticulocytosis,2010
proteinuria,2010
iron-overload,2010
vivaxmalaria,2010
pain,2010
influenza,2010
hypoxia,2010
liverdiseases,2010
atherosclerosis,2010
myocardialinfarction,2010
open-angleglaucoma,2010
bleeding,2010
sepsis,2010
lupusnephritis,2010
strain,2010
movementdisorders,2010
pregnancyinducedhypertension,2010
rheumatoidarthritis,2010
splenomegaly,2010
renalfailure,2010
rupture,2010
deepveinthrombosis,2010
hepatitisc,2010
multiplemyeloma,2010
adhesion,2010
hemolysis,2010
anemia,2010
heartfailure,2010
necrosis,2010
cataract,2010
end-stagerenaldisease,2010
lymphoma,2010
ironmetabolismdisorders,2010
irondeficiencyanemia,2010
cirrhosis,2010
kidneydisease,2010
obesity,2010
infection,2010
parkinsondisease,2010
tm,2010
chronicdisease,2010
thalassemia,2010
breastcancer,2010
inflammation,2010
hcc,2010
renalinsufficiency,2010
polycythemia,2010
syndrome,2010
uremia,2010
alcoholicliverdisease,2010
hh,2010
wound,2010
ovariancancer,2011
acutemyeloidleukemia,2011
ischemia,2011
stress,2011
hypertension,2011
bonediseases,2011
mds,2011
hemoglobinopathies,2011
osteoporosis,2011
parasitemia,2011
melanoma,2011
iron-overload,2011
atherosclerosis,2011
hypoxia,2011
candidiasis,2011
influenza,2011
raeb,2011
sepsis,2011
alcoholiccirrhosis,2011
deficiencydiseases,2011
strain,2011
rheumatoidarthritis,2011
hepatitisc,2011
refractoryanemia,2011
polycysticovarysyndrome,2011
malaria,2011
multiplemyeloma,2011
leukemia,2011
anemia,2011
bw,2011
superinfection,2011
tuberculosis,2011
irondeficiencyanemia,2011
fattyliver,2011
kidneydisease,2011
obesity,2011
infection,2011
periodontitis,2011
pct,2011
tm,2011
ibd,2011
chronicdisease,2011
bacterialinfections,2011
chronicmyelomonocyticleukemia,2011
thalassemia,2011
inflammation,2011
cerebralischemia,2011
hcc,2011
birth-weight,2011
metastasis,2011
polycythemia,2011
syndrome,2011
uremia,2011
alcoholicliverdisease,2011
adult-onsetstillsdisease,2011
hh,2011
wound,2011
